{"stats":{"minecraft:picked_up":{"liminality:tile":1},"minecraft:custom":{"minecraft:jump":28,"minecraft:time_since_rest":7702,"minecraft:leave_game":1,"minecraft:sprint_one_cm":6277,"minecraft:crouch_one_cm":62,"minecraft:walk_on_water_one_cm":606,"minecraft:play_time":7702,"minecraft:damage_taken":210,"minecraft:time_since_death":7702,"minecraft:walk_one_cm":26396,"minecraft:sneak_time":46,"minecraft:total_world_time":10097,"minecraft:walk_under_water_one_cm":503,"minecraft:fall_one_cm":748,"minecraft:drop":1,"minecraft:fly_one_cm":7268},"minecraft:used":{"liminality:tile":169,"minecraft:water_bucket":6,"minecraft:grass_block":26},"minecraft:mined":{"liminality:tile":116},"minecraft:dropped":{"liminality:tile":1}},"DataVersion":3578}