{"stats":{"minecraft:picked_up":{"minecraft:apple":4,"minecraft:torch":1,"minecraft:potato":3,"liminality:tile":1,"minecraft:oak_sapling":1,"minecraft:oak_planks":7,"minecraft:dirt":1},"minecraft:custom":{"minecraft:open_chest":8,"minecraft:time_since_rest":13104,"minecraft:sprint_one_cm":912,"minecraft:crouch_one_cm":209,"minecraft:play_time":13104,"minecraft:walk_one_cm":20595,"minecraft:sneak_time":155,"minecraft:drop":1,"minecraft:jump":42,"minecraft:leave_game":1,"minecraft:time_since_death":13104,"minecraft:total_world_time":17677,"minecraft:fly_one_cm":24597},"minecraft:dropped":{"liminality:tile":1},"minecraft:used":{"minecraft:structure_block":12,"minecraft:cracked_stone_bricks":9,"minecraft:water_bucket":1,"minecraft:stone_brick_slab":18,"minecraft:mossy_stone_bricks":9,"minecraft:torch":1,"minecraft:cobblestone":2,"minecraft:cobblestone_stairs":1,"liminality:tile":7,"minecraft:barrier":1,"minecraft:chest":1,"minecraft:structure_void":1,"minecraft:cobblestone_slab":2,"minecraft:stone_bricks":14,"minecraft:stone_brick_stairs":11}},"DataVersion":3578}